policy,z_seed,question_index,longueur_arc_cumulee
adaptatif,0,0,0.000000
adaptatif,0,1,0.870585
adaptatif,0,2,1.660520
adaptatif,0,3,2.286267
adaptatif,0,4,2.901821
adaptatif,0,5,3.865514
adaptatif,0,6,4.832272
adaptatif,0,7,5.793600
adaptatif,0,8,6.755849
adaptatif,0,9,7.364935
adaptatif,0,10,7.966191
adaptatif,0,11,8.401299
adaptatif,1,0,0.000000
adaptatif,1,1,0.870585
adaptatif,1,2,1.660520
adaptatif,1,3,2.286267
adaptatif,1,4,3.119670
adaptatif,1,5,4.073897
adaptatif,1,6,4.615963
adaptatif,1,7,5.579655
adaptatif,1,8,6.245040
adaptatif,1,9,6.854126
adaptatif,1,10,7.253570
adaptatif,1,11,7.688678
adaptatif,1,12,8.110549
adaptatif,1,13,8.352713
adaptatif,2,0,0.000000
adaptatif,2,1,0.870585
adaptatif,2,2,1.660520
adaptatif,2,3,2.450455
adaptatif,2,4,2.949582
adaptatif,2,5,3.778475
adaptatif,2,6,4.277602
adaptatif,2,7,4.894541
adaptatif,2,8,5.356657
adaptatif,2,9,6.296369
adaptatif,2,10,7.069221
adaptatif,2,11,7.504329
adaptatif,2,12,8.013017
adaptatif,2,13,8.724690
adaptatif,2,14,9.533887
adaptatif,2,15,10.453673
adaptatif,2,16,10.840661
adaptatif,2,17,11.373382
adaptatif,2,18,11.614143
adaptatif,2,19,11.963963
adaptatif,3,0,0.000000
adaptatif,3,1,0.600697
adaptatif,3,2,1.226444
adaptatif,3,3,2.059847
adaptatif,3,4,2.849782
adaptatif,3,5,3.373678
adaptatif,3,6,4.337370
adaptatif,3,7,4.765576
adaptatif,3,8,5.373232
adaptatif,3,9,6.258362
adaptatif,3,10,6.590144
adaptatif,3,11,7.041589
adaptatif,3,12,7.472740
adaptatif,4,0,0.000000
adaptatif,4,1,0.870585
adaptatif,4,2,1.660520
adaptatif,4,3,2.450455
adaptatif,4,4,2.949582
adaptatif,4,5,3.566521
adaptatif,4,6,4.530213
adaptatif,4,7,4.992329
adaptatif,4,8,5.599985
adaptatif,4,9,6.485115
adaptatif,4,10,6.936560
adaptatif,4,11,7.371668
adaptatif,4,12,7.803021
adaptatif,5,0,0.000000
adaptatif,5,1,0.870585
adaptatif,5,2,1.660520
adaptatif,5,3,2.286267
adaptatif,5,4,3.119670
adaptatif,5,5,3.643566
adaptatif,5,6,4.607258
adaptatif,5,7,5.216344
adaptatif,5,8,5.548126
adaptatif,5,9,6.059697
adaptatif,5,10,6.775912
adaptatif,5,11,7.207063
adaptatif,6,0,0.000000
adaptatif,6,1,0.870585
adaptatif,6,2,1.660520
adaptatif,6,3,2.450455
adaptatif,6,4,2.949582
adaptatif,6,5,3.778475
adaptatif,6,6,4.277602
adaptatif,6,7,5.106495
adaptatif,6,8,5.496358
adaptatif,6,9,5.886221
adaptatif,6,10,6.397792
adaptatif,6,11,7.026942
adaptatif,6,12,7.972834
adaptatif,6,13,8.555224
adaptatif,6,14,8.977871
adaptatif,6,15,9.400517
adaptatif,6,16,9.821816
adaptatif,6,17,10.322619
adaptatif,6,18,10.950375
adaptatif,6,19,11.889070
adaptatif,6,20,12.421126
adaptatif,6,21,12.668270
adaptatif,6,22,12.913989
adaptatif,6,23,13.048383
adaptatif,6,24,13.181950
adaptatif,6,25,13.349283
adaptatif,6,26,13.516610
adaptatif,6,27,13.746442
adaptatif,6,28,14.056915
adaptatif,6,29,14.219240
adaptatif,7,0,0.000000
adaptatif,7,1,0.600697
adaptatif,7,2,1.390632
adaptatif,7,3,2.180567
adaptatif,7,4,2.679694
adaptatif,7,5,3.508587
adaptatif,7,6,4.472280
adaptatif,7,7,4.900486
adaptatif,7,8,5.509571
adaptatif,7,9,5.899434
adaptatif,7,10,6.322081
adaptatif,7,11,6.743379
adaptatif,7,12,6.994535
adaptatif,7,13,7.241680
adaptatif,8,0,0.000000
adaptatif,8,1,0.870585
adaptatif,8,2,1.660520
adaptatif,8,3,2.450455
adaptatif,8,4,3.414147
adaptatif,8,5,3.913274
adaptatif,8,6,4.742168
adaptatif,8,7,5.351253
adaptatif,8,8,5.741116
adaptatif,8,9,6.252687
adaptatif,8,10,6.968902
adaptatif,8,11,7.470777
adaptatif,8,12,8.098705
adaptatif,8,13,8.645587
adaptatif,8,14,9.001214
adaptatif,8,15,9.435694
adaptatif,8,16,9.747031
adaptatif,9,0,0.000000
adaptatif,9,1,0.870585
adaptatif,9,2,1.660520
adaptatif,9,3,2.450455
adaptatif,9,4,3.414147
adaptatif,9,5,3.913274
adaptatif,9,6,4.742168
adaptatif,9,7,5.351253
adaptatif,9,8,6.290966
adaptatif,9,9,6.918952
adaptatif,9,10,7.421204
adaptatif,9,11,7.732589
adaptatif,9,12,8.244160
adaptatif,9,13,8.873310
adaptatif,9,14,9.819202
adaptatif,9,15,10.367224
adaptatif,9,16,10.794989
adaptatif,9,17,11.300257
adaptatif,9,18,11.928682
adaptatif,9,19,12.472516
adaptatif,9,20,12.824822
adaptatif,10,0,0.000000
adaptatif,10,1,0.870585
adaptatif,10,2,1.496332
adaptatif,10,3,2.329735
adaptatif,10,4,2.955483
adaptatif,10,5,3.788885
adaptatif,10,6,4.312781
adaptatif,10,7,5.267008
adaptatif,10,8,6.210088
adaptatif,10,9,6.751580
adaptatif,10,10,7.636912
adaptatif,10,11,8.491848
adaptatif,10,12,9.057574
adaptatif,10,13,9.435091
adaptatif,10,14,9.968712
adaptatif,10,15,10.480282
adaptatif,10,16,11.196498
adaptatif,10,17,11.697433
adaptatif,10,18,12.396968
adaptatif,10,19,12.637729
adaptatif,10,20,12.949067
adaptatif,11,0,0.000000
adaptatif,11,1,0.600697
adaptatif,11,2,1.390632
adaptatif,11,3,2.016379
adaptatif,11,4,2.631933
adaptatif,11,5,3.131060
adaptatif,11,6,3.959954
adaptatif,11,7,4.418597
adaptatif,11,8,4.857509
adaptatif,11,9,5.817220
adaptatif,11,10,6.533435
adaptatif,11,11,7.473148
adaptatif,11,12,8.246000
adaptatif,11,13,8.505180
adaptatif,11,14,8.758724
adaptatif,11,15,9.196728
adaptatif,11,16,9.801002
adaptatif,12,0,0.000000
adaptatif,12,1,0.870585
adaptatif,12,2,1.660520
adaptatif,12,3,2.286267
adaptatif,12,4,2.901821
adaptatif,12,5,3.400948
adaptatif,12,6,4.017887
adaptatif,12,7,4.984949
adaptatif,12,8,5.443592
adaptatif,12,9,6.108977
adaptatif,12,10,6.547889
adaptatif,12,11,6.947333
adaptatif,12,12,7.382441
adaptatif,12,13,7.883701
adaptatif,12,14,8.583741
adaptatif,12,15,9.357886
adaptatif,12,16,10.296989
adaptatif,12,17,10.829890
adaptatif,12,18,11.722686
adaptatif,12,19,12.333830
adaptatif,12,20,12.782339
adaptatif,12,21,13.019604
adaptatif,12,22,13.328038
adaptatif,12,23,13.636315
adaptatif,12,24,13.824267
adaptatif,13,0,0.000000
adaptatif,13,1,0.600697
adaptatif,13,2,1.390632
adaptatif,13,3,2.016379
adaptatif,13,4,2.849782
adaptatif,13,5,3.373678
adaptatif,13,6,4.337370
adaptatif,13,7,4.765576
adaptatif,13,8,5.373232
adaptatif,13,9,6.258362
adaptatif,13,10,7.143694
adaptatif,13,11,7.751444
adaptatif,13,12,8.192892
adaptatif,13,13,8.716614
adaptatif,13,14,9.452167
adaptatif,13,15,9.879326
adaptatif,13,16,10.130481
adaptatif,13,17,10.319566
adaptatif,14,0,0.000000
adaptatif,14,1,0.870585
adaptatif,14,2,1.660520
adaptatif,14,3,2.286267
adaptatif,14,4,3.119670
adaptatif,14,5,3.643566
adaptatif,14,6,4.142693
adaptatif,14,7,4.971586
adaptatif,14,8,5.361449
adaptatif,14,9,5.693231
adaptatif,14,10,6.128339
adaptatif,14,11,6.559490
adaptatif,14,12,7.061365
adaptatif,14,13,7.762365
adaptatif,14,14,8.184237
adaptatif,14,15,8.426400
adaptatif,14,16,8.734705
adaptatif,15,0,0.000000
adaptatif,15,1,0.600697
adaptatif,15,2,1.390632
adaptatif,15,3,2.180567
adaptatif,15,4,2.679694
adaptatif,15,5,3.296633
adaptatif,15,6,3.795760
adaptatif,15,7,4.624653
adaptatif,15,8,5.086769
adaptatif,15,9,5.514975
adaptatif,15,10,6.454687
adaptatif,15,11,7.227539
adaptatif,15,12,7.658892
adaptatif,15,13,7.938905
adaptatif,15,14,8.697672
adaptatif,15,15,9.235704
adaptatif,15,16,9.581834
adaptatif,15,17,9.931654
adaptatif,16,0,0.000000
adaptatif,16,1,0.870585
adaptatif,16,2,1.496332
adaptatif,16,3,2.111886
adaptatif,16,4,2.901821
adaptatif,16,5,3.400948
adaptatif,16,6,4.017887
adaptatif,16,7,4.984949
adaptatif,16,8,5.443592
adaptatif,16,9,6.066250
adaptatif,16,10,6.987711
adaptatif,16,11,7.426623
adaptatif,16,12,7.804140
adaptatif,16,13,8.379226
adaptatif,16,14,8.814335
adaptatif,16,15,9.241597
adaptatif,16,16,10.015742
adaptatif,16,17,10.563063
adaptatif,16,18,10.919172
adaptatif,16,19,11.687272
adaptatif,16,20,12.629162
adaptatif,16,21,13.168010
adaptatif,16,22,13.355962
adaptatif,16,23,13.543849
adaptatif,16,24,13.711656
adaptatif,16,25,13.940880
adaptatif,16,26,14.250519
adaptatif,16,27,14.351763
adaptatif,16,28,14.452588
adaptatif,16,29,14.569193
adaptatif,17,0,0.000000
adaptatif,17,1,0.870585
adaptatif,17,2,1.496332
adaptatif,17,3,2.111886
adaptatif,17,4,2.901821
adaptatif,17,5,3.400948
adaptatif,17,6,4.229842
adaptatif,17,7,5.196600
adaptatif,17,8,5.703665
adaptatif,17,9,6.403896
adaptatif,17,10,6.793759
adaptatif,17,11,7.129760
adaptatif,17,12,7.564869
adaptatif,17,13,8.066743
adaptatif,17,14,8.767743
adaptatif,17,15,9.189615
adaptatif,17,16,9.431778
adaptatif,17,17,9.740093
adaptatif,17,18,10.048398
adaptatif,18,0,0.000000
adaptatif,18,1,0.600697
adaptatif,18,2,1.390632
adaptatif,18,3,2.180567
adaptatif,18,4,2.679694
adaptatif,18,5,3.508587
adaptatif,18,6,4.007714
adaptatif,18,7,4.836607
adaptatif,18,8,5.264813
adaptatif,18,9,5.654676
adaptatif,18,10,6.044539
adaptatif,18,11,6.467186
adaptatif,18,12,6.889833
adaptatif,18,13,7.311131
adaptatif,18,14,7.732429
adaptatif,18,15,8.491196
adaptatif,18,16,9.029228
adaptatif,18,17,9.375359
adaptatif,18,18,9.622503
adaptatif,18,19,9.869648
adaptatif,19,0,0.000000
adaptatif,19,1,0.870585
adaptatif,19,2,1.660520
adaptatif,19,3,2.450455
adaptatif,19,4,2.949582
adaptatif,19,5,3.778475
adaptatif,19,6,4.277602
adaptatif,19,7,4.894541
adaptatif,19,8,5.356657
adaptatif,19,9,6.296369
adaptatif,19,10,7.069221
adaptatif,19,11,7.504329
adaptatif,19,12,8.013017
adaptatif,19,13,8.641868
adaptatif,19,14,9.182576
adaptatif,19,15,9.531533
adaptatif,19,16,9.784044
adaptatif,20,0,0.000000
adaptatif,20,1,0.600697
adaptatif,20,2,1.226444
adaptatif,20,3,1.841998
adaptatif,20,4,2.631933
adaptatif,20,5,3.595626
adaptatif,20,6,4.054270
adaptatif,20,7,4.493182
adaptatif,20,8,5.452892
adaptatif,20,9,6.082042
adaptatif,20,10,6.620074
adaptatif,20,11,7.229160
adaptatif,20,12,7.575290
adaptatif,20,13,7.834471
adaptatif,20,14,8.088015
adaptatif,21,0,0.000000
adaptatif,21,1,0.600697
adaptatif,21,2,1.390632
adaptatif,21,3,2.180567
adaptatif,21,4,2.679694
adaptatif,21,5,3.508587
adaptatif,21,6,4.472280
adaptatif,21,7,4.900486
adaptatif,21,8,5.508141
adaptatif,21,9,6.393271
adaptatif,21,10,7.332983
adaptatif,21,11,7.960970
adaptatif,21,12,8.923804
adaptatif,21,13,9.528077
adaptatif,21,14,10.051800
adaptatif,21,15,10.681587
adaptatif,21,16,11.310860
adaptatif,21,17,11.847603
adaptatif,21,18,12.192386
adaptatif,21,19,12.622737
adaptatif,21,20,12.873893
adaptatif,22,0,0.000000
adaptatif,22,1,0.870585
adaptatif,22,2,1.496332
adaptatif,22,3,2.111886
adaptatif,22,4,2.737634
adaptatif,22,5,3.353188
adaptatif,22,6,4.319946
adaptatif,22,7,5.281274
adaptatif,22,8,5.785482
adaptatif,22,9,6.244126
adaptatif,22,10,6.920487
adaptatif,22,11,7.582908
adaptatif,22,12,8.021820
adaptatif,22,13,8.430914
adaptatif,22,14,8.866022
adaptatif,22,15,9.125203
adaptatif,22,16,9.378746
adaptatif,22,17,9.616011
adaptatif,22,18,10.012449
adaptatif,22,19,10.556091
adaptatif,22,20,10.864433
adaptatif,23,0,0.000000
adaptatif,23,1,0.600697
adaptatif,23,2,1.390632
adaptatif,23,3,2.016379
adaptatif,23,4,2.631933
adaptatif,23,5,3.595626
adaptatif,23,6,4.054270
adaptatif,23,7,4.493182
adaptatif,23,8,4.921387
adaptatif,23,9,5.530473
adaptatif,23,10,5.789654
adaptatif,23,11,6.043197
adaptatif,24,0,0.000000
adaptatif,24,1,0.870585
adaptatif,24,2,1.496332
adaptatif,24,3,2.329735
adaptatif,24,4,3.119670
adaptatif,24,5,3.643566
adaptatif,24,6,4.142693
adaptatif,24,7,4.759632
adaptatif,24,8,5.221747
adaptatif,24,9,5.553529
adaptatif,24,10,5.988638
adaptatif,24,11,6.419991
adaptatif,24,12,6.851142
adaptatif,24,13,7.662297
adaptatif,24,14,8.231242
adaptatif,24,15,8.612777
adaptatif,25,0,0.000000
adaptatif,25,1,0.600697
adaptatif,25,2,1.226444
adaptatif,25,3,1.841998
adaptatif,25,4,2.631933
adaptatif,25,5,3.131060
adaptatif,25,6,3.747999
adaptatif,25,7,4.715061
adaptatif,25,8,5.681819
adaptatif,25,9,6.188884
adaptatif,25,10,6.816733
adaptatif,25,11,7.755836
adaptatif,25,12,8.421221
adaptatif,25,13,9.380932
adaptatif,25,14,10.097147
adaptatif,25,15,10.496591
adaptatif,25,16,11.029491
adaptatif,25,17,11.367681
adaptatif,25,18,11.789553
adaptatif,25,19,12.031716
adaptatif,25,20,12.343054
adaptatif,25,21,12.739356
adaptatif,25,22,13.319480
adaptatif,25,23,13.509057
adaptatif,25,24,13.675907
adaptatif,25,25,13.777636
adaptatif,25,26,13.879186
adaptatif,25,27,13.995979
adaptatif,26,0,0.000000
adaptatif,26,1,0.600697
adaptatif,26,2,1.226444
adaptatif,26,3,1.841998
adaptatif,26,4,2.631933
adaptatif,26,5,3.131060
adaptatif,26,6,3.747999
adaptatif,26,7,4.210115
adaptatif,26,8,4.668759
adaptatif,26,9,5.631841
adaptatif,26,10,6.259690
adaptatif,26,11,7.198793
adaptatif,26,12,7.626999
adaptatif,26,13,8.159900
adaptatif,26,14,9.052696
adaptatif,26,15,9.663840
adaptatif,26,16,10.629123
adaptatif,26,17,11.155023
adaptatif,26,18,11.488784
adaptatif,26,19,11.920137
adaptatif,26,20,12.731293
adaptatif,26,21,13.300237
adaptatif,26,22,14.233957
adaptatif,26,23,14.569493
adaptatif,26,24,15.328260
adaptatif,26,25,16.274152
adaptatif,26,26,16.856542
adaptatif,26,27,17.044429
adaptatif,26,28,17.231189
adaptatif,26,29,17.398039
adaptatif,26,30,17.499589
adaptatif,27,0,0.000000
adaptatif,27,1,0.870585
adaptatif,27,2,1.496332
adaptatif,27,3,2.111886
adaptatif,27,4,2.901821
adaptatif,27,5,3.865514
adaptatif,27,6,4.324158
adaptatif,27,7,4.763070
adaptatif,27,8,5.370725
adaptatif,27,9,5.963634
adaptatif,27,10,6.752043
adaptatif,27,11,7.254295
adaptatif,27,12,7.565680
adaptatif,27,13,8.000788
adaptatif,27,14,8.428554
adaptatif,27,15,8.933822
adaptatif,27,16,9.562247
adaptatif,27,17,10.106080
adaptatif,27,18,10.458386
adaptatif,27,19,10.717567
adaptatif,27,20,11.480975
adaptatif,27,21,12.424922
adaptatif,27,22,12.968383
adaptatif,28,0,0.000000
adaptatif,28,1,0.870585
adaptatif,28,2,1.660520
adaptatif,28,3,2.286267
adaptatif,28,4,2.901821
adaptatif,28,5,3.400948
adaptatif,28,6,4.017887
adaptatif,28,7,4.480003
adaptatif,28,8,5.446761
adaptatif,28,9,6.408089
adaptatif,28,10,6.912297
adaptatif,28,11,7.536933
adaptatif,28,12,8.097449
adaptatif,28,13,8.804954
adaptatif,28,14,9.185087
adaptatif,28,15,9.620195
adaptatif,28,16,10.051549
adaptatif,28,17,10.331561
adaptatif,28,18,10.641178
adaptatif,29,0,0.000000
adaptatif,29,1,0.600697
adaptatif,29,2,1.390632
adaptatif,29,3,2.180567
adaptatif,29,4,2.679694
adaptatif,29,5,3.296633
adaptatif,29,6,3.795760
adaptatif,29,7,4.624653
adaptatif,29,8,5.086769
adaptatif,29,9,5.514975
adaptatif,29,10,5.904837
adaptatif,29,11,6.336191
adaptatif,29,12,6.758838
adaptatif,29,13,7.180136
adaptatif,29,14,7.460149
adaptatif,29,15,7.711304
adaptatif,29,16,7.958449
adaptatif,30,0,0.000000
adaptatif,30,1,0.600697
adaptatif,30,2,1.226444
adaptatif,30,3,1.841998
adaptatif,30,4,2.631933
adaptatif,30,5,3.131060
adaptatif,30,6,3.959954
adaptatif,30,7,4.418597
adaptatif,30,8,4.857509
adaptatif,30,9,5.817220
adaptatif,30,10,6.533435
adaptatif,30,11,6.923298
adaptatif,30,12,7.345945
adaptatif,30,13,7.767243
adaptatif,30,14,8.026424
adaptatif,30,15,8.279968
adaptatif,30,16,8.527112
adaptatif,31,0,0.000000
adaptatif,31,1,0.870585
adaptatif,31,2,1.496332
adaptatif,31,3,2.329735
adaptatif,31,4,3.119670
adaptatif,31,5,3.643566
adaptatif,31,6,4.142693
adaptatif,31,7,4.759632
adaptatif,31,8,5.221747
adaptatif,31,9,6.107080
adaptatif,31,10,6.714830
adaptatif,31,11,7.156277
adaptatif,31,12,7.591386
adaptatif,31,13,8.022739
adaptatif,31,14,8.528167
adaptatif,31,15,9.234722
adaptatif,31,16,9.514735
adaptatif,31,17,9.820007
adaptatif,32,0,0.000000
adaptatif,32,1,0.600697
adaptatif,32,2,1.390632
adaptatif,32,3,2.180567
adaptatif,32,4,2.679694
adaptatif,32,5,3.508587
adaptatif,32,6,4.472280
adaptatif,32,7,5.431991
adaptatif,32,8,6.061140
adaptatif,32,9,6.599172
adaptatif,32,10,7.206828
adaptatif,32,11,7.799737
adaptatif,32,12,8.425722
adaptatif,32,13,8.917344
adaptatif,32,14,9.857056
adaptatif,32,15,10.485043
adaptatif,32,16,10.987295
adaptatif,32,17,11.333425
adaptatif,32,18,11.644810
adaptatif,32,19,11.946746
adaptatif,32,20,12.456552
adaptatif,32,21,13.169985
adaptatif,32,22,13.597751
adaptatif,32,23,14.103019
adaptatif,32,24,14.809324
adaptatif,32,25,15.118902
adaptatif,32,26,15.424018
adaptatif,33,0,0.000000
adaptatif,33,1,0.600697
adaptatif,33,2,1.226444
adaptatif,33,3,2.059847
adaptatif,33,4,2.849782
adaptatif,33,5,3.373678
adaptatif,33,6,4.337370
adaptatif,33,7,4.765576
adaptatif,33,8,5.374662
adaptatif,33,9,5.706444
adaptatif,33,10,6.214975
adaptatif,33,11,6.843808
adaptatif,33,12,7.384660
adaptatif,33,13,7.733770
adaptatif,33,14,7.984926
adaptatif,34,0,0.000000
adaptatif,34,1,0.600697
adaptatif,34,2,1.226444
adaptatif,34,3,1.841998
adaptatif,34,4,2.467746
adaptatif,34,5,3.083300
adaptatif,34,6,3.541944
adaptatif,34,7,4.000587
adaptatif,34,8,4.963670
adaptatif,34,9,5.663901
adaptatif,34,10,6.626984
adaptatif,34,11,7.327215
adaptatif,34,12,8.286926
adaptatif,34,13,9.003141
adaptatif,34,14,9.339142
adaptatif,34,15,9.675144
adaptatif,34,16,9.986481
adaptatif,34,17,10.294796
adaptatif,35,0,0.000000
adaptatif,35,1,0.870585
adaptatif,35,2,1.660520
adaptatif,35,3,2.450455
adaptatif,35,4,3.414147
adaptatif,35,5,3.913274
adaptatif,35,6,4.530213
adaptatif,35,7,4.992329
adaptatif,35,8,5.601415
adaptatif,35,9,6.036523
adaptatif,35,10,6.467877
adaptatif,35,11,6.747889
adaptatif,36,0,0.000000
adaptatif,36,1,0.600697
adaptatif,36,2,1.390632
adaptatif,36,3,2.016379
adaptatif,36,4,2.631933
adaptatif,36,5,3.131060
adaptatif,36,6,3.959954
adaptatif,36,7,4.418597
adaptatif,36,8,4.857509
adaptatif,36,9,5.285715
adaptatif,36,10,5.675578
adaptatif,36,11,6.098225
adaptatif,36,12,6.519523
adaptatif,36,13,6.778704
adaptatif,36,14,7.542112
adaptatif,36,15,8.082964
adaptatif,36,16,8.432074
adaptatif,36,17,8.683230
adaptatif,36,18,8.930374
adaptatif,37,0,0.000000
adaptatif,37,1,0.870585
adaptatif,37,2,1.496332
adaptatif,37,3,2.111886
adaptatif,37,4,2.737634
adaptatif,37,5,3.571037
adaptatif,37,6,4.094932
adaptatif,37,7,5.061691
adaptatif,37,8,5.568755
adaptatif,37,9,6.196604
adaptatif,37,10,6.743926
adaptatif,37,11,7.100034
adaptatif,37,12,7.431816
adaptatif,37,13,7.943387
adaptatif,37,14,8.572537
adaptatif,37,15,9.518429
adaptatif,37,16,10.100819
adaptatif,37,17,10.531970
adaptatif,37,18,10.787957
adaptatif,37,19,10.978098
adaptatif,37,20,11.117636
adaptatif,37,21,11.284957
adaptatif,37,22,11.387382
adaptatif,37,23,11.461635
adaptatif,38,0,0.000000
adaptatif,38,1,0.600697
adaptatif,38,2,1.226444
adaptatif,38,3,2.059847
adaptatif,38,4,2.685594
adaptatif,38,5,3.518997
adaptatif,38,6,4.042893
adaptatif,38,7,4.566788
adaptatif,38,8,4.994994
adaptatif,38,9,5.326776
adaptatif,38,10,5.658558
adaptatif,38,11,6.167090
adaptatif,38,12,6.795922
adaptatif,38,13,7.739869
adaptatif,38,14,8.283330
adaptatif,38,15,8.714482
adaptatif,38,16,8.965637
adaptatif,39,0,0.000000
adaptatif,39,1,0.600697
adaptatif,39,2,1.390632
adaptatif,39,3,2.016379
adaptatif,39,4,2.849782
adaptatif,39,5,3.373678
adaptatif,39,6,3.872805
adaptatif,39,7,4.489743
adaptatif,39,8,4.951859
adaptatif,39,9,5.911570
adaptatif,39,10,6.540720
adaptatif,39,11,7.078752
adaptatif,39,12,7.424882
adaptatif,39,13,7.756664
adaptatif,39,14,8.265352
adaptatif,39,15,8.894202
adaptatif,39,16,9.838251
adaptatif,39,17,10.381945
adaptatif,39,18,10.813096
adaptatif,39,19,11.092773
adaptatif,40,0,0.000000
adaptatif,40,1,0.870585
adaptatif,40,2,1.496332
adaptatif,40,3,2.329735
adaptatif,40,4,2.955483
adaptatif,40,5,3.788885
adaptatif,40,6,4.743113
adaptatif,40,7,5.285178
adaptatif,40,8,5.809074
adaptatif,40,9,6.431731
adaptatif,40,10,6.998031
adaptatif,40,11,7.376258
adaptatif,40,12,7.708040
adaptatif,40,13,8.143148
adaptatif,40,14,8.652994
adaptatif,40,15,9.281971
adaptatif,40,16,9.821609
adaptatif,40,17,10.169431
adaptatif,40,18,10.600583
adaptatif,40,19,10.790723
adaptatif,41,0,0.000000
adaptatif,41,1,0.870585
adaptatif,41,2,1.496332
adaptatif,41,3,2.111886
adaptatif,41,4,2.901821
adaptatif,41,5,3.400948
adaptatif,41,6,4.017887
adaptatif,41,7,4.480003
adaptatif,41,8,4.938647
adaptatif,41,9,5.901729
adaptatif,41,10,6.601961
adaptatif,41,11,6.937962
adaptatif,41,12,7.449532
adaptatif,41,13,8.078682
adaptatif,41,14,8.616714
adaptatif,41,15,8.962845
adaptatif,41,16,9.394198
adaptatif,41,17,10.205353
adaptatif,41,18,10.774298
adaptatif,41,19,11.155833
adaptatif,41,20,11.552146
adaptatif,41,21,12.095607
adaptatif,41,22,12.285184
adaptatif,42,0,0.000000
adaptatif,42,1,0.600697
adaptatif,42,2,1.390632
adaptatif,42,3,2.180567
adaptatif,42,4,2.679694
adaptatif,42,5,3.296633
adaptatif,42,6,4.260325
adaptatif,42,7,4.722441
adaptatif,42,8,5.150647
adaptatif,42,9,5.758303
adaptatif,42,10,6.351212
adaptatif,42,11,6.977197
adaptatif,42,12,7.942575
adaptatif,42,13,8.404313
adaptatif,42,14,9.030359
adaptatif,42,15,9.585915
adaptatif,42,16,9.951303
adaptatif,42,17,10.385104
adaptatif,42,18,10.893792
adaptatif,42,19,11.605464
adaptatif,42,20,11.884313
adaptatif,42,21,12.135468
adaptatif,42,22,12.445957
adaptatif,43,0,0.000000
adaptatif,43,1,0.600697
adaptatif,43,2,1.226444
adaptatif,43,3,1.841998
adaptatif,43,4,2.631933
adaptatif,43,5,3.131060
adaptatif,43,6,3.747999
adaptatif,43,7,4.715061
adaptatif,43,8,5.173704
adaptatif,43,9,5.839089
adaptatif,43,10,6.278001
adaptatif,43,11,7.237712
adaptatif,43,12,7.866862
adaptatif,43,13,8.404894
adaptatif,43,14,8.804337
adaptatif,43,15,9.150468
adaptatif,43,16,9.651727
adaptatif,43,17,10.351767
adaptatif,43,18,11.125913
adaptatif,43,19,11.673234
adaptatif,43,20,12.029343
adaptatif,43,21,12.285330
adaptatif,43,22,13.015993
adaptatif,43,23,13.536662
adaptatif,43,24,14.418188
adaptatif,43,25,14.634883
adaptatif,43,26,14.923236
adaptatif,43,27,15.398922
adaptatif,43,28,15.538460
adaptatif,43,29,15.612713
adaptatif,44,0,0.000000
adaptatif,44,1,0.600697
adaptatif,44,2,1.226444
adaptatif,44,3,1.841998
adaptatif,44,4,2.631933
adaptatif,44,5,3.131060
adaptatif,44,6,3.747999
adaptatif,44,7,4.210115
adaptatif,44,8,4.668759
adaptatif,44,9,5.107671
adaptatif,44,10,6.067381
adaptatif,44,11,6.783597
adaptatif,44,12,7.292284
adaptatif,44,13,8.003957
adaptatif,44,14,8.813154
adaptatif,44,15,9.380984
adaptatif,44,16,9.761117
adaptatif,44,17,10.020298
adaptatif,44,18,10.783706
adaptatif,44,19,11.324558
adaptatif,44,20,11.673668
adaptatif,44,21,12.073141
adaptatif,44,22,12.621164
adaptatif,44,23,13.018839
adaptatif,44,24,13.599951
adaptatif,44,25,13.739489
adaptatif,44,26,13.815397
adaptatif,44,27,14.083184
adaptatif,45,0,0.000000
adaptatif,45,1,0.600697
adaptatif,45,2,1.226444
adaptatif,45,3,2.059847
adaptatif,45,4,2.685594
adaptatif,45,5,3.301149
adaptatif,45,6,3.825044
adaptatif,45,7,4.283688
adaptatif,45,8,4.722600
adaptatif,45,9,5.150806
adaptatif,45,10,5.482588
adaptatif,45,11,5.913739
adaptatif,45,12,6.172919
adaptatif,45,13,6.426463
adaptatif,45,14,6.677619
adaptatif,46,0,0.000000
adaptatif,46,1,0.870585
adaptatif,46,2,1.496332
adaptatif,46,3,2.111886
adaptatif,46,4,2.737634
adaptatif,46,5,3.571037
adaptatif,46,6,4.094932
adaptatif,46,7,5.061691
adaptatif,46,8,5.568755
adaptatif,46,9,6.268987
adaptatif,46,10,6.604988
adaptatif,46,11,6.936770
adaptatif,46,12,7.448340
adaptatif,46,13,8.077490
adaptatif,46,14,8.615522
adaptatif,46,15,8.961653
adaptatif,46,16,9.470184
adaptatif,46,17,10.099017
adaptatif,46,18,10.639869
adaptatif,46,19,10.988979
adaptatif,46,20,11.297294
adaptatif,47,0,0.000000
adaptatif,47,1,0.600697
adaptatif,47,2,1.226444
adaptatif,47,3,1.841998
adaptatif,47,4,2.467746
adaptatif,47,5,3.301149
adaptatif,47,6,4.255376
adaptatif,47,7,4.797441
adaptatif,47,8,5.256085
adaptatif,47,9,5.921470
adaptatif,47,10,6.360382
adaptatif,47,11,6.788588
adaptatif,47,12,7.188031
adaptatif,47,13,7.689290
adaptatif,47,14,8.317120
adaptatif,47,15,8.864550
adaptatif,47,16,9.220779
adaptatif,47,17,9.479960
adaptatif,47,18,9.733503
adaptatif,47,19,10.492270
adaptatif,47,20,11.030302
adaptatif,47,21,11.376433
adaptatif,47,22,11.775404
adaptatif,47,23,12.322702
adaptatif,47,24,12.460815
adaptatif,48,0,0.000000
adaptatif,48,1,0.600697
adaptatif,48,2,1.226444
adaptatif,48,3,1.841998
adaptatif,48,4,2.467746
adaptatif,48,5,3.301149
adaptatif,48,6,3.825044
adaptatif,48,7,4.283688
adaptatif,48,8,4.722600
adaptatif,48,9,5.150806
adaptatif,48,10,5.482588
adaptatif,48,11,5.991119
adaptatif,48,12,6.619952
adaptatif,48,13,7.563898
adaptatif,48,14,8.107360
adaptatif,48,15,8.366541
adaptatif,48,16,8.620084
adaptatif,48,17,8.871240
adaptatif,49,0,0.000000
adaptatif,49,1,0.600697
adaptatif,49,2,1.226444
adaptatif,49,3,1.841998
adaptatif,49,4,2.467746
adaptatif,49,5,3.083300
adaptatif,49,6,3.541944
adaptatif,49,7,4.000587
adaptatif,49,8,4.963670
adaptatif,49,9,5.591519
adaptatif,49,10,6.138840
adaptatif,49,11,6.577752
adaptatif,49,12,7.005958
adaptatif,49,13,7.362067
adaptatif,49,14,7.621248
adaptatif,49,15,8.389348
adaptatif,49,16,8.933037
adaptatif,49,17,9.285186
adaptatif,49,18,9.538730
adaptatif,49,19,9.789885
aleatoire,0,0,0.000000
aleatoire,0,1,0.789935
aleatoire,0,2,1.415683
aleatoire,0,3,2.247570
aleatoire,0,4,3.151717
aleatoire,0,5,3.891165
aleatoire,0,6,4.311962
aleatoire,0,7,4.638437
aleatoire,0,8,5.239134
aleatoire,0,9,5.826188
aleatoire,0,10,6.785899
aleatoire,0,11,7.176644
aleatoire,0,12,7.377380
aleatoire,0,13,7.593429
aleatoire,0,14,8.016191
aleatoire,0,15,8.096093
aleatoire,0,16,8.106118
aleatoire,0,17,8.856963
aleatoire,0,18,8.872737
aleatoire,0,19,9.007148
aleatoire,0,20,9.723364
aleatoire,0,21,9.772684
aleatoire,0,22,9.780826
aleatoire,0,23,9.914819
aleatoire,0,24,9.925747
aleatoire,0,25,10.871885
aleatoire,0,26,11.420498
aleatoire,1,0,0.000000
aleatoire,1,1,0.789935
aleatoire,1,2,1.240044
aleatoire,1,3,2.005675
aleatoire,1,4,2.876260
aleatoire,1,5,3.666195
aleatoire,1,6,4.010791
aleatoire,1,7,4.974484
aleatoire,1,8,5.583570
aleatoire,1,9,5.713663
aleatoire,1,10,6.271743
aleatoire,1,11,6.391985
aleatoire,1,12,7.051467
aleatoire,1,13,7.486575
aleatoire,1,14,7.648248
aleatoire,1,15,7.890649
aleatoire,1,16,8.846366
aleatoire,1,17,8.882294
aleatoire,1,18,9.050101
aleatoire,1,19,9.137034
aleatoire,1,20,9.867564
aleatoire,2,0,0.000000
aleatoire,2,1,0.789935
aleatoire,2,2,1.579870
aleatoire,2,3,2.319318
aleatoire,2,4,2.818445
aleatoire,2,5,3.419142
aleatoire,2,6,3.829898
aleatoire,2,7,3.987308
aleatoire,2,8,4.605729
aleatoire,2,9,4.932203
aleatoire,2,10,5.250864
aleatoire,2,11,5.310828
aleatoire,2,12,6.278110
aleatoire,2,13,6.875650
aleatoire,2,14,7.833276
aleatoire,2,15,8.492655
aleatoire,2,16,8.589359
aleatoire,2,17,9.549070
aleatoire,2,18,10.269885
aleatoire,2,19,10.632668
aleatoire,2,20,10.691287
aleatoire,2,21,11.407502
aleatoire,2,22,11.803833
aleatoire,2,23,11.819440
aleatoire,2,24,12.130778
aleatoire,2,25,12.136477
aleatoire,2,26,12.457004
aleatoire,2,27,12.685272
aleatoire,2,28,12.805714
aleatoire,2,29,12.929247
aleatoire,2,30,12.940076
aleatoire,3,0,0.000000
aleatoire,3,1,0.625748
aleatoire,3,2,1.578502
aleatoire,3,3,2.179199
aleatoire,3,4,3.012602
aleatoire,3,5,3.584887
aleatoire,3,6,3.983563
aleatoire,3,7,4.887710
aleatoire,3,8,5.224221
aleatoire,3,9,6.162636
aleatoire,3,10,6.266668
aleatoire,3,11,6.954399
aleatoire,3,12,7.382605
aleatoire,3,13,7.709654
aleatoire,3,14,7.880892
aleatoire,3,15,8.170666
aleatoire,3,16,8.421821
aleatoire,3,17,8.530121
aleatoire,3,18,8.666843
aleatoire,3,19,8.686073
aleatoire,3,20,8.979868
aleatoire,4,0,0.000000
aleatoire,4,1,0.789935
aleatoire,4,2,1.660520
aleatoire,4,3,2.095628
aleatoire,4,4,3.048383
aleatoire,4,5,3.620668
aleatoire,4,6,3.983293
aleatoire,4,7,4.645431
aleatoire,4,8,5.275082
aleatoire,4,9,5.442889
aleatoire,4,10,6.381304
aleatoire,4,11,6.443048
aleatoire,4,12,7.218638
aleatoire,4,13,7.618063
aleatoire,4,14,8.416968
aleatoire,4,15,9.008831
aleatoire,4,16,9.170283
aleatoire,4,17,9.785465
aleatoire,4,18,10.229732
aleatoire,4,19,10.356568
aleatoire,4,20,10.388452
aleatoire,4,21,10.740281
aleatoire,4,22,11.572479
aleatoire,4,23,12.153162
aleatoire,4,24,12.270839
aleatoire,4,25,12.346574
aleatoire,4,26,12.704443
aleatoire,5,0,0.000000
aleatoire,5,1,0.789935
aleatoire,5,2,1.415683
aleatoire,5,3,1.865791
aleatoire,5,4,2.631423
aleatoire,5,5,3.246977
aleatoire,5,6,3.446943
aleatoire,5,7,4.390022
aleatoire,5,8,4.990719
aleatoire,5,9,5.176900
aleatoire,5,10,6.139531
aleatoire,5,11,6.594358
aleatoire,5,12,7.554069
aleatoire,5,13,7.936955
aleatoire,5,14,8.461115
aleatoire,5,15,9.177331
aleatoire,5,16,9.266681
aleatoire,5,17,9.375481
aleatoire,5,18,9.661522
aleatoire,5,19,10.376468
aleatoire,5,20,10.775941
aleatoire,5,21,11.035218
aleatoire,5,22,11.346320
aleatoire,5,23,11.542074
aleatoire,5,24,11.579938
aleatoire,5,25,12.187428
aleatoire,5,26,12.325559
aleatoire,5,27,12.574599
aleatoire,5,28,12.691385
aleatoire,5,29,12.764880
aleatoire,5,30,12.857379
aleatoire,6,0,0.000000
aleatoire,6,1,0.789935
aleatoire,6,2,1.152560
aleatoire,6,3,1.942495
aleatoire,6,4,2.457440
aleatoire,6,5,2.780580
aleatoire,6,6,3.637851
aleatoire,6,7,3.861373
aleatoire,6,8,4.360500
aleatoire,6,9,5.231085
aleatoire,6,10,5.539656
aleatoire,6,11,6.040916
aleatoire,6,12,6.668745
aleatoire,6,13,6.976029
aleatoire,6,14,7.411137
aleatoire,6,15,7.959057
aleatoire,6,16,8.130086
aleatoire,6,17,8.297893
aleatoire,6,18,8.807906
aleatoire,6,19,8.904656
aleatoire,6,20,9.809361
aleatoire,6,21,9.889504
aleatoire,6,22,10.005624
aleatoire,6,23,10.721155
aleatoire,6,24,10.782899
aleatoire,6,25,10.884511
aleatoire,6,26,10.907080
aleatoire,6,27,11.776670
aleatoire,6,28,12.210713
aleatoire,6,29,12.378061
aleatoire,6,30,12.448498
aleatoire,7,0,0.000000
aleatoire,7,1,0.600697
aleatoire,7,2,1.390632
aleatoire,7,3,2.180567
aleatoire,7,4,2.920015
aleatoire,7,5,3.348221
aleatoire,7,6,4.259103
aleatoire,7,7,4.743902
aleatoire,7,8,5.483349
aleatoire,7,9,5.548420
aleatoire,7,10,5.610155
aleatoire,7,11,5.936630
aleatoire,7,12,6.059444
aleatoire,7,13,6.376974
aleatoire,7,14,6.408854
aleatoire,7,15,6.528104
aleatoire,7,16,6.560685
aleatoire,7,17,7.160966
aleatoire,7,18,7.339307
aleatoire,7,19,7.393957
aleatoire,7,20,7.645112
aleatoire,7,21,7.667878
aleatoire,7,22,8.095669
aleatoire,8,0,0.000000
aleatoire,8,1,0.789935
aleatoire,8,2,1.753628
aleatoire,8,3,2.543563
aleatoire,8,4,2.753360
aleatoire,8,5,3.167872
aleatoire,8,6,3.699812
aleatoire,8,7,4.043056
aleatoire,8,8,4.510875
aleatoire,8,9,5.010002
aleatoire,8,10,5.626941
aleatoire,8,11,6.497525
aleatoire,8,12,7.232009
aleatoire,8,13,7.311288
aleatoire,8,14,7.735290
aleatoire,8,15,7.898330
aleatoire,8,16,8.122412
aleatoire,8,17,8.633983
aleatoire,8,18,8.755129
aleatoire,8,19,9.471344
aleatoire,8,20,9.786520
aleatoire,8,21,9.850831
aleatoire,8,22,9.937709
aleatoire,8,23,10.337182
aleatoire,8,24,10.766298
aleatoire,8,25,11.314320
aleatoire,9,0,0.000000
aleatoire,9,1,0.952755
aleatoire,9,2,1.823340
aleatoire,9,3,2.449087
aleatoire,9,4,2.977435
aleatoire,9,5,3.412544
aleatoire,9,6,3.696116
aleatoire,9,7,4.080569
aleatoire,9,8,4.683096
aleatoire,9,9,5.173655
aleatoire,9,10,5.755918
aleatoire,9,11,6.540533
aleatoire,9,12,7.080682
aleatoire,9,13,7.248489
aleatoire,9,14,7.656301
aleatoire,9,15,8.291206
aleatoire,9,16,9.208531
aleatoire,9,17,10.075479
aleatoire,9,18,10.264025
aleatoire,9,19,10.523217
aleatoire,9,20,11.152676
aleatoire,9,21,11.286867
aleatoire,9,22,11.343911
aleatoire,9,23,11.850266
aleatoire,9,24,11.980746
aleatoire,9,25,12.929532
aleatoire,9,26,13.558100
aleatoire,9,27,14.143934
aleatoire,9,28,14.200652
aleatoire,9,29,14.238893
aleatoire,9,30,14.300637
aleatoire,10,0,0.000000
aleatoire,10,1,0.625748
aleatoire,10,2,1.226444
aleatoire,10,3,2.059847
aleatoire,10,4,2.471812
aleatoire,10,5,3.397850
aleatoire,10,6,4.244319
aleatoire,10,7,4.523166
aleatoire,10,8,4.951372
aleatoire,10,9,5.642225
aleatoire,10,10,5.710852
aleatoire,10,11,6.019424
aleatoire,10,12,6.270580
aleatoire,10,13,7.129193
aleatoire,10,14,7.631067
aleatoire,10,15,7.656158
aleatoire,10,16,7.949702
aleatoire,10,17,8.650702
aleatoire,10,18,8.658659
aleatoire,10,19,8.768423
aleatoire,10,20,9.190294
aleatoire,10,21,9.578684
aleatoire,10,22,9.805125
aleatoire,10,23,10.241869
aleatoire,10,24,10.470495
aleatoire,10,25,10.701872
aleatoire,10,26,10.821725
aleatoire,10,27,10.850484
aleatoire,10,28,11.161117
aleatoire,10,29,11.226449
aleatoire,10,30,11.537959
aleatoire,11,0,0.000000
aleatoire,11,1,0.952755
aleatoire,11,2,1.481103
aleatoire,11,3,2.106851
aleatoire,11,4,2.715936
aleatoire,11,5,3.331490
aleatoire,11,6,3.581366
aleatoire,11,7,4.451950
aleatoire,11,8,4.517584
aleatoire,11,9,4.976227
aleatoire,11,10,5.010123
aleatoire,11,11,5.127068
aleatoire,11,12,5.558320
aleatoire,11,13,5.993429
aleatoire,11,14,6.756600
aleatoire,11,15,6.784006
aleatoire,11,16,6.794016
aleatoire,11,17,6.961823
aleatoire,11,18,7.042255
aleatoire,11,19,7.085059
aleatoire,11,20,7.623842
aleatoire,11,21,7.639479
aleatoire,11,22,7.665638
aleatoire,11,23,7.727382
aleatoire,11,24,8.073732
aleatoire,12,0,0.000000
aleatoire,12,1,0.789935
aleatoire,12,2,1.419723
aleatoire,12,3,2.373951
aleatoire,12,4,2.966741
aleatoire,12,5,3.567438
aleatoire,12,6,3.945817
aleatoire,12,7,4.357782
aleatoire,12,8,5.317493
aleatoire,12,9,5.928556
aleatoire,12,10,6.396911
aleatoire,12,11,6.558348
aleatoire,12,12,7.520023
aleatoire,12,13,8.088968
aleatoire,12,14,8.239335
aleatoire,12,15,9.107351
aleatoire,12,16,9.823566
aleatoire,12,17,10.198877
aleatoire,12,18,10.378697
aleatoire,12,19,10.475013
aleatoire,12,20,10.971337
aleatoire,12,21,11.282674
aleatoire,12,22,11.975040
aleatoire,12,23,12.205188
aleatoire,12,24,13.109731
aleatoire,12,25,13.406312
aleatoire,12,26,13.504917
aleatoire,12,27,14.130442
aleatoire,12,28,14.441306
aleatoire,12,29,14.557910
aleatoire,12,30,15.253064
aleatoire,13,0,0.000000
aleatoire,13,1,0.600697
aleatoire,13,2,1.390632
aleatoire,13,3,1.818838
aleatoire,13,4,2.608773
aleatoire,13,5,3.238561
aleatoire,13,6,3.978009
aleatoire,13,7,4.888891
aleatoire,13,8,5.140047
aleatoire,13,9,5.538723
aleatoire,13,10,6.023521
aleatoire,13,11,6.088592
aleatoire,13,12,6.476580
aleatoire,13,13,6.639620
aleatoire,13,14,6.673225
aleatoire,13,15,6.736317
aleatoire,13,16,6.779114
aleatoire,13,17,7.481360
aleatoire,13,18,7.503454
aleatoire,13,19,7.975345
aleatoire,13,20,8.560972
aleatoire,13,21,8.965097
aleatoire,13,22,8.987803
aleatoire,13,23,9.048243
aleatoire,13,24,9.240936
aleatoire,13,25,9.411453
aleatoire,13,26,9.581979
aleatoire,14,0,0.000000
aleatoire,14,1,0.789935
aleatoire,14,2,1.415683
aleatoire,14,3,1.708531
aleatoire,14,4,2.579115
aleatoire,14,5,3.078242
aleatoire,14,6,3.526579
aleatoire,14,7,3.792986
aleatoire,14,8,4.394189
aleatoire,14,9,4.702761
aleatoire,14,10,5.561374
aleatoire,14,11,5.702056
aleatoire,14,12,6.661858
aleatoire,14,13,7.096966
aleatoire,14,14,7.264773
aleatoire,14,15,7.687420
aleatoire,14,16,7.766625
aleatoire,14,17,7.783273
aleatoire,14,18,8.284077
aleatoire,14,19,8.491786
aleatoire,14,20,9.120617
aleatoire,14,21,9.182361
aleatoire,14,22,10.126301
aleatoire,14,23,10.148870
aleatoire,14,24,10.865056
aleatoire,14,25,10.875405
aleatoire,14,26,11.186738
aleatoire,14,27,11.415364
aleatoire,14,28,11.420967
aleatoire,14,29,11.964609
aleatoire,15,0,0.000000
aleatoire,15,1,0.600697
aleatoire,15,2,1.390632
aleatoire,15,3,2.130080
aleatoire,15,4,2.705456
aleatoire,15,5,3.133662
aleatoire,15,6,3.528321
aleatoire,15,7,3.919066
aleatoire,15,8,4.170222
aleatoire,15,9,5.127849
aleatoire,15,10,5.753596
aleatoire,15,11,5.890318
aleatoire,15,12,6.505872
aleatoire,15,13,6.602577
aleatoire,15,14,7.569335
aleatoire,15,15,7.604736
aleatoire,15,16,8.566063
aleatoire,15,17,9.070271
aleatoire,15,18,9.166417
aleatoire,15,19,9.239143
aleatoire,15,20,9.915504
aleatoire,15,21,10.632337
aleatoire,15,22,10.991899
aleatoire,15,23,11.195308
aleatoire,15,24,11.203141
aleatoire,15,25,11.312601
aleatoire,15,26,11.370632
aleatoire,15,27,11.385800
aleatoire,15,28,11.696974
aleatoire,15,29,12.326101
aleatoire,15,30,12.864356
aleatoire,16,0,0.000000
aleatoire,16,1,0.789935
aleatoire,16,2,1.415683
aleatoire,16,3,1.778308
aleatoire,16,4,2.293253
aleatoire,16,5,2.908807
aleatoire,16,6,3.509504
aleatoire,16,7,3.709469
aleatoire,16,8,4.533888
aleatoire,16,9,4.684534
aleatoire,16,10,5.647165
aleatoire,16,11,6.055728
aleatoire,16,12,6.483934
aleatoire,16,13,7.242701
aleatoire,16,14,7.972572
aleatoire,16,15,8.918464
aleatoire,16,16,9.546557
aleatoire,16,17,9.900904
aleatoire,16,18,10.039791
aleatoire,16,19,10.587813
aleatoire,16,20,11.123105
aleatoire,16,21,12.084291
aleatoire,16,22,12.213572
aleatoire,16,23,12.294415
aleatoire,16,24,12.450449
aleatoire,16,25,12.698886
aleatoire,16,26,12.756238
aleatoire,16,27,13.459232
aleatoire,16,28,13.610710
aleatoire,16,29,13.631702
aleatoire,16,30,13.934768
aleatoire,17,0,0.000000
aleatoire,17,1,0.625748
aleatoire,17,2,1.591322
aleatoire,17,3,2.203197
aleatoire,17,4,2.568371
aleatoire,17,5,3.438955
aleatoire,17,6,3.646067
aleatoire,17,7,4.058031
aleatoire,17,8,4.297350
aleatoire,17,9,5.161117
aleatoire,17,10,5.332146
aleatoire,17,11,6.197723
aleatoire,17,12,6.289185
aleatoire,17,13,6.796670
aleatoire,17,14,6.845072
aleatoire,17,15,7.445896
aleatoire,17,16,8.155678
aleatoire,17,17,9.094695
aleatoire,17,18,9.529803
aleatoire,17,19,10.062525
aleatoire,17,20,10.497564
aleatoire,17,21,11.235480
aleatoire,17,22,11.760674
aleatoire,17,23,11.928481
aleatoire,17,24,12.096258
aleatoire,17,25,12.429320
aleatoire,17,26,12.857781
aleatoire,17,27,12.919521
aleatoire,17,28,13.170866
aleatoire,18,0,0.000000
aleatoire,18,1,0.600697
aleatoire,18,2,1.012661
aleatoire,18,3,1.747598
aleatoire,18,4,2.159563
aleatoire,18,5,3.006033
aleatoire,18,6,3.416789
aleatoire,18,7,3.940128
aleatoire,18,8,4.263268
aleatoire,18,9,5.085071
aleatoire,18,10,6.044782
aleatoire,18,11,6.833191
aleatoire,18,12,7.013259
aleatoire,18,13,7.374713
aleatoire,18,14,7.604041
aleatoire,18,15,7.913824
aleatoire,18,16,8.357010
aleatoire,18,17,8.453898
aleatoire,18,18,9.083048
aleatoire,18,19,9.225679
aleatoire,18,20,9.836344
aleatoire,18,21,9.887644
aleatoire,18,22,10.416766
aleatoire,18,23,10.533511
aleatoire,18,24,11.071543
aleatoire,18,25,11.152625
aleatoire,18,26,11.304715
aleatoire,18,27,11.905556
aleatoire,18,28,12.283158
aleatoire,18,29,12.629289
aleatoire,18,30,13.589091
aleatoire,19,0,0.000000
aleatoire,19,1,0.789935
aleatoire,19,2,1.742690
aleatoire,19,3,2.613275
aleatoire,19,4,3.112402
aleatoire,19,5,3.547510
aleatoire,19,6,4.075858
aleatoire,19,7,4.684944
aleatoire,19,8,4.852751
aleatoire,19,9,4.938464
aleatoire,19,10,5.175731
aleatoire,19,11,5.668013
aleatoire,19,12,5.730228
aleatoire,19,13,5.752969
aleatoire,19,14,6.379099
aleatoire,19,15,6.934326
aleatoire,19,16,7.064014
aleatoire,19,17,7.072319
aleatoire,19,18,7.080561
aleatoire,19,19,7.149481
aleatoire,19,20,7.211225
aleatoire,19,21,7.215479
aleatoire,19,22,7.302881
aleatoire,19,23,7.420305
aleatoire,19,24,7.767963
aleatoire,19,25,7.788203
aleatoire,19,26,8.388922
aleatoire,19,27,8.817167
aleatoire,20,0,0.000000
aleatoire,20,1,0.600697
aleatoire,20,2,1.226444
aleatoire,20,3,1.717003
aleatoire,20,4,2.342751
aleatoire,20,5,2.925014
aleatoire,20,6,3.348044
aleatoire,20,7,3.776250
aleatoire,20,8,4.741824
aleatoire,20,9,5.353530
aleatoire,20,10,5.812025
aleatoire,20,11,6.777533
aleatoire,20,12,7.391490
aleatoire,20,13,7.846318
aleatoire,20,14,8.230396
aleatoire,20,15,8.597558
aleatoire,20,16,9.225986
aleatoire,20,17,9.909996
aleatoire,20,18,10.855016
aleatoire,20,19,11.092599
aleatoire,20,20,11.272431
aleatoire,20,21,11.368752
aleatoire,20,22,11.402315
aleatoire,20,23,12.317102
aleatoire,20,24,12.707893
aleatoire,20,25,12.913811
aleatoire,20,26,13.164967
aleatoire,20,27,13.577300
aleatoire,20,28,13.594999
aleatoire,20,29,13.604328
aleatoire,20,30,13.741051
aleatoire,21,0,0.000000
aleatoire,21,1,0.952755
aleatoire,21,2,1.481103
aleatoire,21,3,2.090189
aleatoire,21,4,3.042943
aleatoire,21,5,3.615228
aleatoire,21,6,3.791928
aleatoire,21,7,4.392625
aleatoire,21,8,5.014637
aleatoire,21,9,5.106214
aleatoire,21,10,5.534420
aleatoire,21,11,5.825667
aleatoire,21,12,6.393643
aleatoire,21,13,6.618771
aleatoire,21,14,6.869927
aleatoire,21,15,7.172125
aleatoire,21,16,7.468968
aleatoire,21,17,7.585539
aleatoire,21,18,8.547448
aleatoire,21,19,8.684170
aleatoire,21,20,8.795508
aleatoire,21,21,8.955245
aleatoire,21,22,9.000955
aleatoire,21,23,9.714388
aleatoire,21,24,10.057704
aleatoire,22,0,0.000000
aleatoire,22,1,0.625748
aleatoire,22,2,0.918596
aleatoire,22,3,1.708531
aleatoire,22,4,2.447978
aleatoire,22,5,2.609415
aleatoire,22,6,3.210112
aleatoire,22,7,3.536586
aleatoire,22,8,4.138723
aleatoire,22,9,4.195718
aleatoire,22,10,4.624643
aleatoire,22,11,4.876331
aleatoire,22,12,5.304607
aleatoire,22,13,5.623267
aleatoire,22,14,5.628636
aleatoire,22,15,5.631466
aleatoire,22,16,6.229006
aleatoire,22,17,6.365736
aleatoire,22,18,6.616893
aleatoire,22,19,6.765906
aleatoire,22,20,6.914678
aleatoire,22,21,7.874389
aleatoire,22,22,7.951400
aleatoire,22,23,8.377926
aleatoire,22,24,8.514649
aleatoire,22,25,9.143799
aleatoire,22,26,9.227616
aleatoire,22,27,9.476831
aleatoire,22,28,9.637978
aleatoire,22,29,9.753585
aleatoire,22,30,10.699477
aleatoire,23,0,0.000000
aleatoire,23,1,0.952755
aleatoire,23,2,1.525040
aleatoire,23,3,2.342101
aleatoire,23,4,3.012943
aleatoire,23,5,3.638691
aleatoire,23,6,3.839426
aleatoire,23,7,4.454980
aleatoire,23,8,4.913624
aleatoire,23,9,5.188120
aleatoire,23,10,5.404170
aleatoire,23,11,5.484072
aleatoire,23,12,5.547784
aleatoire,23,13,5.557808
aleatoire,23,14,5.986913
aleatoire,23,15,6.006236
aleatoire,23,16,6.257577
aleatoire,23,17,6.262751
aleatoire,23,18,6.863448
aleatoire,23,19,7.291654
aleatoire,24,0,0.000000
aleatoire,24,1,0.411965
aleatoire,24,2,0.651283
aleatoire,24,3,1.063248
aleatoire,24,4,1.667174
aleatoire,24,5,2.278237
aleatoire,24,6,3.148822
aleatoire,24,7,3.582883
aleatoire,24,8,4.452486
aleatoire,24,9,4.963252
aleatoire,24,10,5.398360
aleatoire,24,11,5.559797
aleatoire,24,12,6.521472
aleatoire,24,13,6.671839
aleatoire,24,14,6.729516
aleatoire,24,15,6.809658
aleatoire,24,16,7.062465
aleatoire,24,17,7.230272
aleatoire,24,18,7.272644
aleatoire,24,19,7.988755
aleatoire,24,20,8.589550
aleatoire,24,21,9.305682
aleatoire,24,22,9.367426
aleatoire,24,23,9.795872
aleatoire,24,24,10.107144
aleatoire,24,25,10.506599
aleatoire,24,26,10.757909
aleatoire,24,27,10.896039
aleatoire,24,28,11.012825
aleatoire,24,29,11.023471
aleatoire,24,30,11.160283
aleatoire,25,0,0.000000
aleatoire,25,1,0.625748
aleatoire,25,2,1.251495
aleatoire,25,3,1.742054
aleatoire,25,4,1.917303
aleatoire,25,5,2.882877
aleatoire,25,6,3.483574
aleatoire,25,7,4.105797
aleatoire,25,8,4.362621
aleatoire,25,9,4.456410
aleatoire,25,10,4.711932
aleatoire,25,11,5.582229
aleatoire,25,12,6.211849
aleatoire,25,13,6.353027
aleatoire,25,14,6.372010
aleatoire,25,15,6.903833
aleatoire,25,16,7.145644
aleatoire,25,17,7.425902
aleatoire,25,18,7.579771
aleatoire,25,19,7.617924
aleatoire,25,20,7.638047
aleatoire,25,21,8.597758
aleatoire,25,22,8.714544
aleatoire,25,23,9.226096
aleatoire,25,24,9.855245
aleatoire,25,25,10.801137
aleatoire,25,26,10.809894
aleatoire,25,27,10.820541
aleatoire,25,28,11.368564
aleatoire,25,29,12.084771
aleatoire,26,0,0.000000
aleatoire,26,1,0.600697
aleatoire,26,2,1.226444
aleatoire,26,3,1.519292
aleatoire,26,4,2.309227
aleatoire,26,5,2.737433
aleatoire,26,6,3.100058
aleatoire,26,7,3.615003
aleatoire,26,8,4.439422
aleatoire,26,9,4.845648
aleatoire,26,10,5.096804
aleatoire,26,11,5.259265
aleatoire,26,12,5.680362
aleatoire,26,13,6.224584
aleatoire,26,14,6.621425
aleatoire,26,15,6.680959
aleatoire,26,16,7.152849
aleatoire,26,17,7.401957
aleatoire,26,18,7.748088
aleatoire,26,19,8.596776
aleatoire,26,20,8.762844
aleatoire,26,21,9.175722
aleatoire,26,22,9.672992
aleatoire,26,23,9.979907
aleatoire,27,0,0.000000
aleatoire,27,1,0.411965
aleatoire,27,2,1.023028
aleatoire,27,3,1.988279
aleatoire,27,4,2.400243
aleatoire,27,5,3.011307
aleatoire,27,6,3.285684
aleatoire,27,7,4.156269
aleatoire,27,8,4.667840
aleatoire,27,9,5.212062
aleatoire,27,10,5.747325
aleatoire,27,11,6.352318
aleatoire,27,12,6.599659
aleatoire,27,13,7.462921
aleatoire,27,14,7.764857
aleatoire,27,15,8.394006
aleatoire,27,16,8.560967
aleatoire,27,17,8.660987
aleatoire,27,18,9.290071
aleatoire,27,19,10.235535
aleatoire,27,20,10.773567
aleatoire,27,21,11.675100
aleatoire,27,22,11.727006
aleatoire,27,23,12.157882
aleatoire,27,24,12.191271
aleatoire,27,25,12.626198
aleatoire,27,26,12.643805
aleatoire,27,27,12.895115
aleatoire,27,28,13.062843
aleatoire,27,29,13.610858
aleatoire,27,30,13.639983
aleatoire,28,0,0.000000
aleatoire,28,1,0.625748
aleatoire,28,2,1.251495
aleatoire,28,3,1.742054
aleatoire,28,4,2.034902
aleatoire,28,5,2.617165
aleatoire,28,6,3.487750
aleatoire,28,7,3.958788
aleatoire,28,8,4.407125
aleatoire,28,9,4.673531
aleatoire,28,10,5.492130
aleatoire,28,11,6.121543
aleatoire,28,12,6.991092
aleatoire,28,13,7.502663
aleatoire,28,14,8.037723
aleatoire,28,15,8.380760
aleatoire,28,16,8.814758
aleatoire,28,17,8.952599
aleatoire,28,18,9.023937
aleatoire,28,19,9.740152
aleatoire,28,20,9.907826
aleatoire,28,21,9.969520
aleatoire,28,22,10.368993
aleatoire,28,23,10.951383
aleatoire,28,24,11.024716
aleatoire,28,25,11.166475
aleatoire,28,26,12.069837
aleatoire,28,27,12.101715
aleatoire,28,28,12.631164
aleatoire,28,29,12.824077
aleatoire,28,30,12.927665
aleatoire,29,0,0.000000
aleatoire,29,1,0.600697
aleatoire,29,2,1.012661
aleatoire,29,3,1.623725
aleatoire,29,4,2.229350
aleatoire,29,5,2.641315
aleatoire,29,6,2.880634
aleatoire,29,7,2.988163
aleatoire,29,8,3.948772
aleatoire,29,9,4.552698
aleatoire,29,10,4.980903
aleatoire,29,11,5.848513
aleatoire,29,12,6.560894
aleatoire,29,13,6.992830
aleatoire,29,14,7.405404
aleatoire,29,15,7.571845
aleatoire,29,16,7.692991
aleatoire,29,17,8.653834
aleatoire,29,18,9.282660
aleatoire,29,19,9.586479
aleatoire,29,20,10.552031
aleatoire,29,21,10.803187
aleatoire,29,22,10.864691
aleatoire,29,23,11.548328
aleatoire,29,24,12.429853
aleatoire,29,25,12.970764
aleatoire,29,26,13.022199
aleatoire,29,27,13.369180
aleatoire,29,28,13.505902
aleatoire,29,29,13.722597
aleatoire,29,30,13.737682
aleatoire,30,0,0.000000
aleatoire,30,1,0.411965
aleatoire,30,2,1.023028
aleatoire,30,3,1.628654
aleatoire,30,4,2.065932
aleatoire,30,5,2.127983
aleatoire,30,6,2.539947
aleatoire,30,7,3.386417
aleatoire,30,8,3.639484
aleatoire,30,9,4.050240
aleatoire,30,10,4.920825
aleatoire,30,11,5.243964
aleatoire,30,12,5.408679
aleatoire,30,13,5.837135
aleatoire,30,14,6.443996
aleatoire,30,15,6.883679
aleatoire,30,16,7.658920
aleatoire,30,17,7.669106
aleatoire,30,18,8.198588
aleatoire,30,19,8.585185
aleatoire,30,20,9.020294
aleatoire,30,21,9.271501
aleatoire,30,22,9.408253
aleatoire,30,23,9.468259
aleatoire,30,24,9.690013
aleatoire,30,25,9.691556
aleatoire,30,26,9.954054
aleatoire,30,27,10.895763
aleatoire,30,28,11.434215
aleatoire,31,0,0.000000
aleatoire,31,1,0.625748
aleatoire,31,2,1.226444
aleatoire,31,3,1.638409
aleatoire,31,4,2.128968
aleatoire,31,5,2.740031
aleatoire,31,6,3.284253
aleatoire,31,7,4.081049
aleatoire,31,8,4.663312
aleatoire,31,9,5.147551
aleatoire,31,10,5.932166
aleatoire,31,11,6.345044
aleatoire,31,12,6.842314
aleatoire,31,13,7.786755
aleatoire,31,14,7.973103
aleatoire,31,15,8.401309
aleatoire,31,16,8.568175
aleatoire,31,17,8.629567
aleatoire,31,18,8.864847
aleatoire,31,19,9.485558
aleatoire,31,20,9.754248
aleatoire,31,21,10.005404
aleatoire,31,22,10.132243
aleatoire,31,23,10.705136
aleatoire,31,24,10.759953
aleatoire,31,25,10.896675
aleatoire,31,26,10.952768
aleatoire,31,27,11.545080
aleatoire,31,28,12.498949
aleatoire,31,29,12.530818
aleatoire,31,30,13.496057
aleatoire,32,0,0.000000
aleatoire,32,1,0.600697
aleatoire,32,2,1.390632
aleatoire,32,3,1.802596
aleatoire,32,4,2.537533
aleatoire,32,5,3.258398
aleatoire,32,6,3.686604
aleatoire,32,7,3.937759
aleatoire,32,8,4.582240
aleatoire,32,9,4.851166
aleatoire,32,10,5.480954
aleatoire,32,11,5.852848
aleatoire,32,12,5.992992
aleatoire,32,13,6.455107
aleatoire,32,14,6.579135
aleatoire,32,15,7.089901
aleatoire,32,16,7.226623
aleatoire,32,17,7.996711
aleatoire,32,18,8.344190
aleatoire,32,19,8.964524
aleatoire,32,20,9.093805
aleatoire,32,21,9.360070
aleatoire,32,22,9.839707
aleatoire,32,23,10.521673
aleatoire,32,24,10.594399
aleatoire,32,25,11.308811
aleatoire,32,26,11.599175
aleatoire,32,27,12.139916
aleatoire,32,28,12.248448
aleatoire,32,29,12.647469
aleatoire,32,30,12.755946
aleatoire,33,0,0.000000
aleatoire,33,1,0.600697
aleatoire,33,2,1.390632
aleatoire,33,3,2.016379
aleatoire,33,4,2.506938
aleatoire,33,5,2.935144
aleatoire,33,6,3.564932
aleatoire,33,7,4.171401
aleatoire,33,8,4.653599
aleatoire,33,9,4.770544
aleatoire,33,10,4.832595
aleatoire,33,11,5.083751
aleatoire,33,12,5.590815
aleatoire,33,13,5.623580
aleatoire,33,14,6.323812
aleatoire,33,15,7.214100
aleatoire,33,16,7.231378
aleatoire,33,17,8.198395
aleatoire,33,18,8.335117
aleatoire,33,19,8.957949
aleatoire,33,20,9.879915
aleatoire,33,21,10.003170
aleatoire,33,22,10.393962
aleatoire,33,23,10.645266
aleatoire,33,24,10.989557
aleatoire,33,25,11.417782
aleatoire,34,0,0.000000
aleatoire,34,1,0.411965
aleatoire,34,2,0.651283
aleatoire,34,3,0.781154
aleatoire,34,4,1.649837
aleatoire,34,5,2.252153
aleatoire,34,6,3.122737
aleatoire,34,7,3.556958
aleatoire,34,8,3.992066
aleatoire,34,9,4.404031
aleatoire,34,10,5.015094
aleatoire,34,11,5.975922
aleatoire,34,12,6.206386
aleatoire,34,13,7.171636
aleatoire,34,14,7.446014
aleatoire,34,15,7.757352
aleatoire,34,16,7.907719
aleatoire,34,17,8.019596
aleatoire,34,18,8.099738
aleatoire,34,19,8.267215
aleatoire,34,20,8.896323
aleatoire,34,21,9.525389
aleatoire,34,22,9.587066
aleatoire,34,23,10.125503
aleatoire,34,24,10.726272
aleatoire,34,25,11.154605
aleatoire,34,26,11.405855
aleatoire,34,27,11.944696
aleatoire,34,28,12.061489
aleatoire,34,29,12.084048
aleatoire,34,30,12.430197
aleatoire,35,0,0.000000
aleatoire,35,1,0.411965
aleatoire,35,2,1.364719
aleatoire,35,3,1.975783
aleatoire,35,4,2.576480
aleatoire,35,5,3.316817
aleatoire,35,6,3.626536
aleatoire,35,7,4.232161
aleatoire,35,8,4.660367
aleatoire,35,9,5.160772
aleatoire,35,10,5.411927
aleatoire,35,11,5.977429
aleatoire,35,12,6.084958
aleatoire,35,13,6.673074
aleatoire,35,14,7.103853
aleatoire,35,15,7.356919
aleatoire,35,16,8.316720
aleatoire,35,17,9.032563
aleatoire,35,18,9.976858
aleatoire,35,19,10.566788
aleatoire,35,20,10.703510
aleatoire,35,21,11.102736
aleatoire,35,22,11.243568
aleatoire,35,23,11.863029
aleatoire,35,24,12.169011
aleatoire,35,25,12.187231
aleatoire,35,26,12.736914
aleatoire,35,27,12.810267
aleatoire,35,28,12.815340
aleatoire,35,29,13.174066
aleatoire,35,30,13.722086
aleatoire,36,0,0.000000
aleatoire,36,1,0.411965
aleatoire,36,2,1.201900
aleatoire,36,3,1.802596
aleatoire,36,4,2.041915
aleatoire,36,5,2.470121
aleatoire,36,6,3.074047
aleatoire,36,7,3.573174
aleatoire,36,8,3.881746
aleatoire,36,9,4.452572
aleatoire,36,10,5.078558
aleatoire,36,11,5.164750
aleatoire,36,12,5.210343
aleatoire,36,13,6.175721
aleatoire,36,14,6.551060
aleatoire,36,15,7.151870
aleatoire,36,16,7.763809
aleatoire,36,17,8.014965
aleatoire,36,18,8.266338
aleatoire,36,19,8.694744
aleatoire,36,20,9.123016
aleatoire,36,21,9.374220
aleatoire,36,22,9.625390
aleatoire,36,23,9.762121
aleatoire,36,24,9.855517
aleatoire,36,25,10.803097
aleatoire,36,26,10.939819
aleatoire,36,27,11.042677
aleatoire,36,28,11.043490
aleatoire,36,29,11.181726
aleatoire,36,30,11.232464
aleatoire,37,0,0.000000
aleatoire,37,1,0.625748
aleatoire,37,2,1.241302
aleatoire,37,3,2.111886
aleatoire,37,4,2.570530
aleatoire,37,5,3.082101
aleatoire,37,6,3.711250
aleatoire,37,7,4.336998
aleatoire,37,8,4.453943
aleatoire,37,9,5.069497
aleatoire,37,10,5.500750
aleatoire,37,11,6.467508
aleatoire,37,12,6.720929
aleatoire,37,13,7.227994
aleatoire,37,14,7.247317
aleatoire,37,15,7.384407
aleatoire,37,16,8.143276
aleatoire,37,17,8.459054
aleatoire,37,18,9.170481
aleatoire,37,19,9.301762
aleatoire,37,20,9.314000
aleatoire,37,21,9.852049
aleatoire,37,22,9.921830
aleatoire,37,23,10.063293
aleatoire,37,24,10.067257
aleatoire,37,25,11.013149
aleatoire,37,26,11.088447
aleatoire,37,27,11.098797
aleatoire,37,28,11.100886
aleatoire,37,29,11.683276
aleatoire,37,30,12.082744
aleatoire,38,0,0.000000
aleatoire,38,1,0.625748
aleatoire,38,2,1.251495
aleatoire,38,3,2.217069
aleatoire,38,4,2.832623
aleatoire,38,5,3.799382
aleatoire,38,6,4.400078
aleatoire,38,7,5.028736
aleatoire,38,8,5.362092
aleatoire,38,9,6.328397
aleatoire,38,10,7.004758
aleatoire,38,11,7.338114
aleatoire,38,12,7.960184
aleatoire,38,13,8.388389
aleatoire,38,14,8.843217
aleatoire,38,15,9.120006
aleatoire,38,16,9.748856
aleatoire,38,17,10.011316
aleatoire,38,18,10.054983
aleatoire,38,19,11.000727
aleatoire,38,20,11.308011
aleatoire,38,21,11.423199
aleatoire,38,22,12.005415
aleatoire,38,23,12.256571
aleatoire,38,24,12.396072
aleatoire,38,25,12.411015
aleatoire,38,26,12.547737
aleatoire,38,27,12.704077
aleatoire,38,28,12.776804
aleatoire,38,29,13.317712
aleatoire,38,30,13.369126
aleatoire,39,0,0.000000
aleatoire,39,1,0.600697
aleatoire,39,2,1.226444
aleatoire,39,3,1.519292
aleatoire,39,4,2.309227
aleatoire,39,5,2.737433
aleatoire,39,6,3.701126
aleatoire,39,7,3.862563
aleatoire,39,8,4.371857
aleatoire,39,9,4.458049
aleatoire,39,10,4.822575
aleatoire,39,11,5.073731
aleatoire,39,12,6.034024
aleatoire,39,13,6.663019
aleatoire,39,14,7.532208
aleatoire,39,15,7.965822
aleatoire,39,16,8.463775
aleatoire,39,17,8.630939
aleatoire,39,18,9.258753
aleatoire,39,19,9.777659
aleatoire,39,20,10.318564
aleatoire,39,21,10.610141
aleatoire,39,22,11.013634
aleatoire,39,23,11.205579
aleatoire,39,24,11.267232
aleatoire,39,25,11.403955
aleatoire,39,26,11.476681
aleatoire,39,27,12.045464
aleatoire,39,28,12.300010
aleatoire,39,29,12.667646
aleatoire,39,30,12.719081
aleatoire,40,0,0.000000
aleatoire,40,1,0.789935
aleatoire,40,2,1.529383
aleatoire,40,3,1.941348
aleatoire,40,4,2.676285
aleatoire,40,5,3.091293
aleatoire,40,6,3.435889
aleatoire,40,7,4.023497
aleatoire,40,8,4.652895
aleatoire,40,9,5.121250
aleatoire,40,10,5.656513
aleatoire,40,11,6.257209
aleatoire,40,12,6.868916
aleatoire,40,13,7.318652
aleatoire,40,14,7.887597
aleatoire,40,15,8.052320
aleatoire,40,16,8.233456
aleatoire,40,17,9.193167
aleatoire,40,18,9.290210
aleatoire,40,19,9.557703
aleatoire,40,20,9.813799
aleatoire,40,21,9.953400
aleatoire,40,22,10.004783
aleatoire,40,23,10.351761
aleatoire,40,24,10.489302
aleatoire,40,25,11.205518
aleatoire,41,0,0.000000
aleatoire,41,1,0.789935
aleatoire,41,2,1.390632
aleatoire,41,3,2.020420
aleatoire,41,4,2.646168
aleatoire,41,5,3.074373
aleatoire,41,6,3.907776
aleatoire,41,7,4.306452
aleatoire,41,8,4.705128
aleatoire,41,9,5.093116
aleatoire,41,10,5.624308
aleatoire,41,11,5.786504
aleatoire,41,12,6.037660
aleatoire,41,13,6.503181
aleatoire,41,14,6.562831
aleatoire,41,15,6.699553
aleatoire,41,16,6.830277
aleatoire,41,17,7.072999
aleatoire,41,18,7.332637
aleatoire,42,0,0.000000
aleatoire,42,1,0.411965
aleatoire,42,2,1.037712
aleatoire,42,3,1.277031
aleatoire,42,4,2.140798
aleatoire,42,5,2.631356
aleatoire,42,6,2.932365
aleatoire,42,7,3.533062
aleatoire,42,8,3.875888
aleatoire,42,9,4.160398
aleatoire,42,10,5.023146
aleatoire,42,11,5.206049
aleatoire,42,12,5.812254
aleatoire,42,13,6.240460
aleatoire,42,14,6.362185
aleatoire,42,15,6.794121
aleatoire,42,16,6.846138
aleatoire,42,17,7.357569
aleatoire,42,18,7.586263
aleatoire,42,19,7.610288
aleatoire,42,20,7.727940
aleatoire,42,21,8.486707
aleatoire,42,22,8.885472
aleatoire,42,23,9.423504
aleatoire,42,24,9.854381
aleatoire,42,25,9.867046
aleatoire,42,26,9.900435
aleatoire,42,27,10.616634
aleatoire,42,28,10.927961
aleatoire,42,29,11.044749
aleatoire,42,30,11.627093
aleatoire,43,0,0.000000
aleatoire,43,1,0.625748
aleatoire,43,2,1.251495
aleatoire,43,3,1.867049
aleatoire,43,4,2.482603
aleatoire,43,5,3.083300
aleatoire,43,6,4.050058
aleatoire,43,7,5.016817
aleatoire,43,8,5.350172
aleatoire,43,9,5.857237
aleatoire,43,10,6.173014
aleatoire,43,11,7.139320
aleatoire,43,12,7.532731
aleatoire,43,13,7.822764
aleatoire,43,14,8.250970
aleatoire,43,15,8.927331
aleatoire,43,16,9.686098
aleatoire,43,17,10.224130
aleatoire,43,18,10.570261
aleatoire,43,19,11.198688
aleatoire,43,20,11.742502
aleatoire,43,21,12.094786
aleatoire,43,22,12.237305
aleatoire,43,23,12.899727
aleatoire,43,24,13.308820
aleatoire,43,25,13.546085
aleatoire,43,26,13.621956
aleatoire,43,27,13.930390
aleatoire,43,28,14.062489
aleatoire,43,29,14.224840
aleatoire,43,30,14.294309
aleatoire,44,0,0.000000
aleatoire,44,1,0.625748
aleatoire,44,2,0.918596
aleatoire,44,3,1.080032
aleatoire,44,4,1.950617
aleatoire,44,5,2.036809
aleatoire,44,6,2.637912
aleatoire,44,7,3.427847
aleatoire,44,8,3.856771
aleatoire,44,9,4.820464
aleatoire,44,10,5.255572
aleatoire,44,11,5.764867
aleatoire,44,12,5.828314
aleatoire,44,13,6.457232
aleatoire,44,14,6.997381
aleatoire,44,15,7.487237
aleatoire,44,16,8.112824
aleatoire,44,17,8.280631
aleatoire,44,18,9.240965
aleatoire,44,19,9.302710
aleatoire,44,20,9.522314
aleatoire,44,21,9.785503
aleatoire,44,22,9.904103
aleatoire,44,23,10.054226
aleatoire,44,24,10.087717
aleatoire,44,25,10.105378
aleatoire,44,26,10.127947
aleatoire,44,27,10.620969
aleatoire,44,28,10.735942
aleatoire,44,29,11.641940
aleatoire,44,30,12.180008
aleatoire,45,0,0.000000
aleatoire,45,1,0.600697
aleatoire,45,2,1.226444
aleatoire,45,3,2.016379
aleatoire,45,4,2.631933
aleatoire,45,5,3.090577
aleatoire,45,6,3.529489
aleatoire,45,7,3.788670
aleatoire,45,8,4.151295
aleatoire,45,9,4.666240
aleatoire,45,10,4.823650
aleatoire,45,11,4.860290
aleatoire,45,12,4.879614
aleatoire,45,13,5.498034
aleatoire,45,14,5.582480
aleatoire,45,15,6.048304
aleatoire,45,16,6.179612
aleatoire,45,17,6.189798
aleatoire,45,18,6.441005
aleatoire,45,19,6.510801
aleatoire,45,20,6.764375
aleatoire,45,21,6.767281
aleatoire,45,22,7.195487
aleatoire,46,0,0.000000
aleatoire,46,1,0.625748
aleatoire,46,2,1.226444
aleatoire,46,3,2.016379
aleatoire,46,4,2.646168
aleatoire,46,5,3.261722
aleatoire,46,6,3.785617
aleatoire,46,7,3.985583
aleatoire,46,8,4.422861
aleatoire,46,9,4.854114
aleatoire,46,10,5.107535
aleatoire,46,11,5.336669
aleatoire,46,12,5.474710
aleatoire,46,13,5.906063
aleatoire,46,14,5.916327
aleatoire,46,15,6.144696
aleatoire,46,16,6.572902
aleatoire,46,17,6.578312
aleatoire,46,18,6.857160
aleatoire,46,19,6.926942
aleatoire,46,20,7.068405
aleatoire,46,21,7.827200
aleatoire,46,22,7.902498
aleatoire,46,23,8.153653
aleatoire,46,24,8.290376
aleatoire,46,25,8.300725
aleatoire,46,26,8.306180
aleatoire,46,27,8.844229
aleatoire,46,28,8.848194
aleatoire,46,29,9.247666
aleatoire,46,30,9.249755
aleatoire,47,0,0.000000
aleatoire,47,1,0.411965
aleatoire,47,2,1.201900
aleatoire,47,3,1.936837
aleatoire,47,4,2.566234
aleatoire,47,5,3.166931
aleatoire,47,6,3.702194
aleatoire,47,7,4.331982
aleatoire,47,8,4.675228
aleatoire,47,9,5.103433
aleatoire,47,10,5.707767
aleatoire,47,11,6.079662
aleatoire,47,12,6.541778
aleatoire,47,13,6.705636
aleatoire,47,14,6.956792
aleatoire,47,15,7.005686
aleatoire,47,16,7.031485
aleatoire,47,17,7.991249
aleatoire,47,18,8.422602
aleatoire,47,19,8.553327
aleatoire,47,20,8.720680
aleatoire,47,21,9.349816
aleatoire,47,22,9.609582
aleatoire,47,23,10.096612
aleatoire,47,24,10.233334
aleatoire,47,25,10.308157
aleatoire,47,26,10.846225
aleatoire,47,27,10.907642
aleatoire,47,28,10.930092
aleatoire,47,29,11.027246
aleatoire,47,30,11.032981
aleatoire,48,0,0.000000
aleatoire,48,1,0.411965
aleatoire,48,2,0.823929
aleatoire,48,3,1.063248
aleatoire,48,4,1.674311
aleatoire,48,5,2.278237
aleatoire,48,6,2.712299
aleatoire,48,7,3.160636
aleatoire,48,8,3.761813
aleatoire,48,9,3.855602
aleatoire,48,10,4.456779
aleatoire,48,11,4.709846
aleatoire,48,12,4.727589
aleatoire,48,13,4.864621
aleatoire,48,14,4.937515
aleatoire,48,15,5.897228
aleatoire,48,16,6.497925
aleatoire,48,17,6.926983
aleatoire,48,18,6.931608
aleatoire,48,19,7.183396
aleatoire,48,20,7.193582
aleatoire,48,21,7.198951
aleatoire,48,22,7.627157
aleatoire,48,23,7.878313
aleatoire,48,24,8.637107
aleatoire,48,25,9.175156
aleatoire,48,26,9.311878
aleatoire,48,27,9.315813
aleatoire,48,28,10.032026
aleatoire,48,29,10.343362
aleatoire,48,30,10.689498
aleatoire,49,0,0.000000
aleatoire,49,1,0.411965
aleatoire,49,2,0.823929
aleatoire,49,3,1.434993
aleatoire,49,4,2.046056
aleatoire,49,5,3.011307
aleatoire,49,6,3.625264
aleatoire,49,7,4.230889
aleatoire,49,8,4.338418
aleatoire,49,9,4.395414
aleatoire,49,10,5.007358
aleatoire,49,11,5.450547
aleatoire,49,12,5.879471
aleatoire,49,13,6.358590
aleatoire,49,14,6.959287
aleatoire,49,15,7.210976
aleatoire,49,16,7.366666
aleatoire,49,17,7.449713
aleatoire,49,18,7.877919
aleatoire,49,19,8.129074
aleatoire,49,20,8.266107
aleatoire,49,21,8.895212
aleatoire,49,22,8.900179
aleatoire,49,23,9.328390
aleatoire,49,24,9.579550
aleatoire,49,25,10.118017
aleatoire,49,26,10.254739
aleatoire,49,27,10.327470
aleatoire,49,28,10.674058
